id,from,to,value,timestamp,is_legit_business,is_fraud
1,100,173,8685.73,2025-01-14T11:00:00,False,False
2,139,136,47960.18,2025-01-05T11:00:00,False,False
3,169,8,29539.99,2025-01-25T08:00:00,False,False
4,99,54,5424.17,2025-01-18T06:00:00,False,False
5,103,114,1535.43,2025-01-02T14:00:00,False,False
6,141,83,1763.27,2025-01-16T12:00:00,False,False
7,174,4,33230.83,2025-01-15T19:00:00,False,False
8,14,2,9862.77,2025-01-13T09:00:00,False,False
9,176,32,45734.78,2025-01-15T12:00:00,False,False
10,164,95,48537.0,2025-01-03T15:00:00,False,False
11,11,57,12950.29,2025-01-20T06:00:00,False,False
12,26,160,24598.56,2025-01-15T22:00:00,False,False
13,130,92,28887.35,2025-01-23T01:00:00,False,False
14,196,27,24800.92,2025-01-15T07:00:00,False,False
15,82,28,27107.37,2025-01-21T19:00:00,False,False
16,37,9,4774.11,2025-01-27T04:00:00,False,False
17,181,109,16592.89,2025-01-08T16:00:00,False,False
18,4,194,14101.55,2025-01-23T17:00:00,True,False
19,197,193,11506.62,2025-01-30T05:00:00,False,False
20,129,72,2470.21,2025-01-29T09:00:00,False,False
21,176,43,39962.5,2025-01-20T18:00:00,False,False
22,89,31,15732.58,2025-01-05T05:00:00,True,False
23,26,118,39725.14,2025-01-12T22:00:00,False,False
24,66,157,5096.9,2025-01-22T15:00:00,True,False
25,70,125,6430.51,2025-01-09T20:00:00,True,False
26,79,71,38911.27,2025-01-19T13:00:00,False,False
27,102,116,18350.77,2025-01-09T19:00:00,False,False
28,4,53,16497.71,2025-01-20T09:00:00,False,False
29,56,200,1501.64,2025-01-21T07:00:00,False,False
30,130,171,9637.23,2025-01-04T06:00:00,False,False
31,56,67,39544.04,2025-01-01T05:00:00,False,False
32,117,190,10576.31,2025-01-26T00:00:00,False,False
33,85,126,42234.5,2025-01-10T03:00:00,False,False
34,136,170,48168.2,2025-01-17T17:00:00,False,False
35,200,14,49969.63,2025-01-11T15:00:00,False,False
36,28,155,31522.85,2025-01-15T15:00:00,False,False
37,47,21,3853.19,2025-01-26T17:00:00,False,False
38,77,56,35637.38,2025-01-03T20:00:00,False,False
39,150,30,14012.88,2025-01-02T16:00:00,False,False
40,26,78,25740.42,2025-01-25T16:00:00,False,False
41,58,30,6525.57,2025-01-23T18:00:00,False,False
42,172,50,25133.26,2025-01-03T18:00:00,False,False
43,33,165,46210.94,2025-01-18T01:00:00,True,False
44,150,72,35892.28,2025-01-27T00:00:00,False,False
45,159,69,35064.51,2025-01-31T22:00:00,False,False
46,104,186,22274.07,2025-01-17T09:00:00,False,False
47,148,85,33062.28,2025-01-01T00:00:00,False,False
48,1,44,49919.61,2025-01-31T03:00:00,False,False
49,187,42,41147.21,2025-01-16T10:00:00,False,False
50,73,11,3506.75,2025-01-06T08:00:00,False,False
51,191,26,22807.66,2025-01-29T19:00:00,False,False
52,124,49,38772.91,2025-01-10T22:00:00,False,False
53,195,97,3336.25,2025-01-28T00:00:00,False,False
54,69,44,42901.09,2025-01-01T05:00:00,False,False
55,24,101,32455.15,2025-01-18T23:00:00,False,False
56,4,28,46325.76,2025-01-07T04:00:00,False,False
57,114,168,45347.83,2025-01-01T04:00:00,False,False
58,198,193,27625.88,2025-01-24T16:00:00,False,False
59,88,164,29222.14,2025-01-30T01:00:00,False,False
60,132,80,35237.86,2025-01-29T07:00:00,False,False
61,143,116,44108.2,2025-01-11T12:00:00,False,False
62,86,126,38170.18,2025-01-06T23:00:00,False,False
63,4,157,41381.6,2025-01-20T21:00:00,True,False
64,8,128,45394.9,2025-01-20T09:00:00,False,False
65,155,11,17783.1,2025-01-06T08:00:00,False,False
66,167,196,38196.82,2025-01-02T06:00:00,False,False
67,25,137,49390.21,2025-01-01T14:00:00,False,False
68,143,8,32534.77,2025-01-20T09:00:00,False,False
69,54,172,45318.24,2025-01-24T10:00:00,False,False
70,166,106,25470.52,2025-01-09T18:00:00,False,False
71,77,6,21452.27,2025-01-10T10:00:00,False,False
72,158,113,11499.05,2025-01-25T23:00:00,False,False
73,27,158,35593.32,2025-01-12T10:00:00,False,False
74,118,126,36173.02,2025-01-20T04:00:00,False,False
75,85,149,33069.87,2025-01-11T00:00:00,False,False
76,151,158,924.75,2025-01-21T05:00:00,False,False
77,129,38,5029.85,2025-01-19T01:00:00,False,False
78,29,10,45126.99,2025-01-22T14:00:00,False,False
79,193,164,43776.62,2025-01-07T16:00:00,False,False
80,8,160,46687.39,2025-01-07T10:00:00,False,False
81,27,75,47492.04,2025-01-18T00:00:00,False,False
82,37,162,35773.72,2025-01-16T21:00:00,False,False
83,148,11,12539.51,2025-01-30T03:00:00,False,False
84,155,53,15875.67,2025-01-23T19:00:00,False,False
85,95,15,5333.34,2025-01-25T16:00:00,False,False
86,12,33,2786.87,2025-01-09T09:00:00,False,False
87,35,130,9665.63,2025-01-20T14:00:00,False,False
88,130,181,21707.79,2025-01-29T07:00:00,True,False
89,112,42,16636.28,2025-01-17T00:00:00,False,False
90,36,74,45568.47,2025-01-31T16:00:00,False,False
91,6,43,43550.51,2025-01-21T14:00:00,False,False
92,48,28,23040.06,2025-01-02T19:00:00,False,False
93,147,70,21357.26,2025-01-03T08:00:00,False,False
94,31,55,32119.58,2025-01-13T15:00:00,False,False
95,45,11,16073.16,2025-01-19T01:00:00,False,False
96,13,110,33449.21,2025-01-01T17:00:00,False,False
97,80,153,49192.94,2025-01-15T08:00:00,False,False
98,165,55,30928.64,2025-01-17T01:00:00,False,False
99,166,127,21693.58,2025-01-18T13:00:00,False,False
100,149,96,26332.39,2025-01-22T02:00:00,False,False
101,60,164,11666.57,2025-01-28T15:00:00,False,False
102,146,12,25308.31,2025-01-10T04:00:00,False,False
103,173,40,14197.4,2025-01-29T23:00:00,False,False
104,168,85,5726.15,2025-01-18T21:00:00,False,False
105,25,43,686.53,2025-01-08T09:00:00,False,False
106,195,21,14256.29,2025-01-27T02:00:00,False,False
107,114,159,26098.08,2025-01-03T03:00:00,False,False
108,185,153,24733.7,2025-01-28T01:00:00,False,False
109,165,132,41683.04,2025-01-30T21:00:00,False,False
110,114,46,32014.5,2025-01-02T18:00:00,False,False
111,81,87,40266.97,2025-01-05T23:00:00,False,False
112,183,181,32801.62,2025-01-10T03:00:00,True,False
113,108,196,7817.51,2025-01-01T02:00:00,False,False
114,32,126,23792.56,2025-01-15T00:00:00,False,False
115,138,43,37301.28,2025-01-06T08:00:00,False,False
116,196,159,32876.77,2025-01-09T21:00:00,False,False
117,166,32,29540.08,2025-01-03T00:00:00,False,False
118,8,102,37511.64,2025-01-17T05:00:00,False,False
119,198,133,20031.2,2025-01-22T04:00:00,False,False
120,180,166,19221.91,2025-01-01T01:00:00,False,False
121,85,156,46258.51,2025-01-21T00:00:00,False,False
122,198,186,48783.1,2025-01-30T03:00:00,False,False
123,179,89,11689.02,2025-01-10T15:00:00,False,False
124,79,19,45273.09,2025-01-21T19:00:00,False,False
125,162,27,10368.45,2025-01-31T21:00:00,False,False
126,117,132,40061.57,2025-01-09T22:00:00,False,False
127,167,10,9854.33,2025-01-01T05:00:00,False,False
128,102,13,37397.53,2025-01-31T19:00:00,False,False
129,187,124,10992.74,2025-01-11T00:00:00,False,False
130,64,56,41699.76,2025-01-15T22:00:00,False,False
131,128,120,15931.13,2025-01-08T16:00:00,False,False
132,51,77,15662.65,2025-01-30T00:00:00,False,False
133,50,130,21697.47,2025-01-23T19:00:00,False,False
134,25,28,23389.11,2025-01-31T14:00:00,False,False
135,106,114,23125.4,2025-01-29T16:00:00,False,False
136,8,139,46797.93,2025-01-07T04:00:00,False,False
137,18,145,14154.11,2025-01-30T19:00:00,False,False
138,8,78,25870.32,2025-01-02T04:00:00,False,False
139,60,11,33000.61,2025-01-08T18:00:00,False,False
140,170,137,13935.37,2025-01-30T02:00:00,False,False
141,29,70,36825.12,2025-01-11T10:00:00,False,False
142,157,125,2854.07,2025-01-20T17:00:00,True,False
143,149,31,7058.7,2025-01-02T00:00:00,True,False
144,91,3,17412.62,2025-01-02T23:00:00,False,False
145,111,167,45691.39,2025-01-24T11:00:00,False,False
146,82,25,32752.56,2025-01-26T01:00:00,False,False
147,51,174,16899.39,2025-01-14T07:00:00,False,False
148,152,177,7223.05,2025-01-18T13:00:00,False,False
149,82,13,19325.77,2025-01-28T22:00:00,False,False
150,191,89,7922.87,2025-01-13T10:00:00,False,False
151,200,195,6627.69,2025-01-29T13:00:00,False,False
152,177,120,652.34,2025-01-18T02:00:00,False,False
153,110,59,19220.21,2025-01-17T15:00:00,False,False
154,125,84,43473.07,2025-01-24T11:00:00,False,False
155,192,95,36533.86,2025-01-13T05:00:00,False,False
156,56,20,604.3,2025-01-01T23:00:00,False,False
157,141,89,14313.42,2025-01-29T10:00:00,False,False
158,183,184,43214.62,2025-01-28T04:00:00,False,False
159,148,66,47588.1,2025-01-20T15:00:00,False,False
160,9,180,13204.11,2025-01-08T01:00:00,False,False
161,31,143,10534.53,2025-01-29T19:00:00,False,False
162,94,34,29048.36,2025-01-09T05:00:00,False,False
163,130,20,34582.66,2025-01-26T09:00:00,False,False
164,36,176,39954.98,2025-01-13T06:00:00,False,False
165,6,158,38098.79,2025-01-28T15:00:00,False,False
166,99,158,5153.16,2025-01-23T15:00:00,False,False
167,12,114,48613.9,2025-01-19T01:00:00,False,False
168,80,65,46061.2,2025-01-21T11:00:00,False,False
169,93,192,34283.22,2025-01-08T06:00:00,False,False
170,122,174,22674.71,2025-01-04T02:00:00,False,False
171,4,124,49346.97,2025-01-25T01:00:00,False,False
172,117,76,48122.05,2025-01-12T20:00:00,False,False
173,110,156,2795.94,2025-01-09T11:00:00,False,False
174,38,103,3670.14,2025-01-23T08:00:00,False,False
175,150,175,3831.71,2025-01-11T02:00:00,False,False
176,18,124,27738.08,2025-01-24T05:00:00,False,False
177,86,192,27760.2,2025-01-02T08:00:00,False,False
178,101,20,36895.67,2025-01-24T20:00:00,False,False
179,143,108,30408.19,2025-01-17T05:00:00,False,False
180,186,17,9662.97,2025-01-03T02:00:00,False,False
181,30,72,17494.13,2025-01-09T20:00:00,False,False
182,1,153,17483.48,2025-01-15T17:00:00,False,False
183,147,27,26843.61,2025-01-19T02:00:00,False,False
184,164,65,9064.93,2025-01-25T17:00:00,False,False
185,146,97,43051.12,2025-01-28T07:00:00,False,False
186,17,145,34789.88,2025-01-14T05:00:00,False,False
187,143,5,2985.05,2025-01-18T04:00:00,False,False
188,181,127,32606.67,2025-01-11T07:00:00,False,False
189,31,133,16154.39,2025-01-03T08:00:00,False,False
190,40,6,38852.56,2025-01-05T11:00:00,False,False
191,152,105,40284.92,2025-01-31T04:00:00,False,False
192,151,136,43607.18,2025-01-07T06:00:00,False,False
193,161,123,6775.48,2025-01-17T01:00:00,False,False
194,108,176,18509.58,2025-01-30T06:00:00,False,False
195,42,168,35778.01,2025-01-03T16:00:00,False,False
196,46,101,6199.15,2025-01-03T23:00:00,False,False
197,150,5,42392.19,2025-01-25T22:00:00,False,False
198,98,129,7124.38,2025-01-26T00:00:00,False,False
199,112,111,44732.27,2025-01-15T16:00:00,False,False
200,103,55,39283.45,2025-01-05T19:00:00,False,False
201,22,155,16589.63,2025-01-22T09:00:00,False,False
202,198,43,35043.6,2025-01-08T17:00:00,False,False
203,4,135,28430.44,2025-01-09T09:00:00,False,False
204,82,100,14783.06,2025-01-09T04:00:00,False,False
205,139,48,27402.5,2025-01-06T01:00:00,False,False
206,182,194,42195.39,2025-01-16T20:00:00,True,False
207,131,72,13249.42,2025-01-09T22:00:00,False,False
208,143,76,35600.7,2025-01-30T12:00:00,False,False
209,146,173,35207.88,2025-01-28T21:00:00,False,False
210,69,169,28476.63,2025-01-09T19:00:00,False,False
211,18,41,39525.67,2025-01-09T10:00:00,False,False
212,140,72,4977.4,2025-01-10T16:00:00,False,False
213,31,94,45034.17,2025-01-29T01:00:00,False,False
214,140,22,19474.92,2025-01-06T20:00:00,False,False
215,85,129,1860.83,2025-01-26T07:00:00,False,False
216,48,126,39464.8,2025-01-13T16:00:00,False,False
217,48,29,28997.06,2025-01-18T22:00:00,False,False
218,42,95,28896.78,2025-01-22T05:00:00,False,False
219,27,142,24732.3,2025-01-27T12:00:00,False,False
220,165,107,7478.58,2025-01-26T23:00:00,False,False
221,32,5,32711.33,2025-01-31T19:00:00,False,False
222,199,117,17666.73,2025-01-11T12:00:00,True,False
223,103,91,31251.3,2025-01-09T09:00:00,False,False
224,105,133,16199.51,2025-01-22T19:00:00,False,False
225,176,6,18352.59,2025-01-05T22:00:00,False,False
226,45,42,38726.88,2025-01-12T11:00:00,False,False
227,121,131,34487.77,2025-01-23T12:00:00,False,False
228,103,196,10661.75,2025-01-04T01:00:00,False,False
229,78,153,21605.62,2025-01-29T07:00:00,False,False
230,126,110,13651.19,2025-01-07T20:00:00,False,False
231,83,53,1532.4,2025-01-10T01:00:00,False,False
232,134,86,19679.11,2025-01-26T18:00:00,False,False
233,76,81,31664.21,2025-01-05T05:00:00,False,False
234,77,73,27179.37,2025-01-23T12:00:00,False,False
235,102,65,8566.46,2025-01-22T05:00:00,False,False
236,4,116,31803.02,2025-01-20T04:00:00,False,False
237,199,118,27873.6,2025-01-22T18:00:00,False,False
238,82,57,7783.32,2025-01-09T00:00:00,False,False
239,88,87,3638.94,2025-01-04T08:00:00,False,False
240,120,25,43199.8,2025-01-02T09:00:00,False,False
241,102,168,49239.21,2025-01-30T05:00:00,False,False
242,2,23,48189.11,2025-01-10T17:00:00,False,False
243,57,45,9538.86,2025-01-20T04:00:00,True,False
244,184,50,43762.49,2025-01-17T00:00:00,False,False
245,134,47,1541.58,2025-01-24T19:00:00,False,False
246,81,112,35963.35,2025-01-31T08:00:00,False,False
247,178,88,41192.77,2025-01-19T01:00:00,False,False
248,112,110,33404.92,2025-01-28T19:00:00,False,False
249,138,83,14250.83,2025-01-03T15:00:00,False,False
250,199,144,5758.68,2025-01-16T01:00:00,False,False
251,18,58,5180.81,2025-01-02T17:00:00,False,False
252,190,137,6550.01,2025-01-15T14:00:00,False,False
253,144,103,41195.91,2025-01-01T03:00:00,False,False
254,121,148,30185.37,2025-01-02T00:00:00,False,False
255,136,139,26127.36,2025-01-02T08:00:00,False,False
256,183,90,20978.67,2025-01-11T11:00:00,False,False
257,42,145,27539.96,2025-01-13T22:00:00,False,False
258,51,65,48820.17,2025-01-31T18:00:00,False,False
259,157,150,8813.74,2025-01-08T17:00:00,False,False
260,129,14,8730.56,2025-01-12T21:00:00,False,False
261,83,150,3578.19,2025-01-12T04:00:00,False,False
262,88,15,22666.0,2025-01-10T13:00:00,False,False
263,129,110,4622.7,2025-01-17T23:00:00,False,False
264,92,57,20502.69,2025-01-06T09:00:00,False,False
265,122,147,31307.21,2025-01-25T03:00:00,False,False
266,137,90,12035.93,2025-01-14T23:00:00,False,False
267,31,132,31806.97,2025-01-05T19:00:00,False,False
268,2,194,31184.45,2025-01-26T05:00:00,True,False
269,28,186,40348.0,2025-01-18T10:00:00,False,False
270,156,51,47455.17,2025-01-21T20:00:00,False,False
271,177,78,9372.13,2025-01-29T05:00:00,False,False
272,95,130,41324.82,2025-01-20T11:00:00,False,False
273,194,140,18912.24,2025-01-29T17:00:00,False,False
274,47,54,26833.21,2025-01-15T07:00:00,False,False
275,60,107,21223.55,2025-01-08T23:00:00,False,False
276,147,95,3220.87,2025-01-09T04:00:00,False,False
277,116,134,34949.08,2025-01-18T11:00:00,False,False
278,46,192,30934.22,2025-01-14T02:00:00,False,False
279,29,45,37105.47,2025-01-25T05:00:00,True,False
280,75,32,30418.36,2025-01-03T06:00:00,False,False
281,192,75,48656.63,2025-01-01T11:00:00,False,False
282,34,94,37345.12,2025-01-16T02:00:00,False,False
283,164,88,27348.27,2025-01-24T12:00:00,False,False
284,168,65,30688.41,2025-01-28T16:00:00,False,False
285,107,197,4294.58,2025-01-30T21:00:00,False,False
286,16,63,16987.68,2025-01-18T04:00:00,False,False
287,131,45,10728.33,2025-01-12T10:00:00,True,False
288,194,153,1650.19,2025-01-08T17:00:00,False,False
289,116,37,17033.86,2025-01-23T16:00:00,False,False
290,115,54,28611.68,2025-01-29T02:00:00,False,False
291,187,99,32084.82,2025-01-22T12:00:00,True,False
292,145,60,10446.13,2025-01-06T05:00:00,False,False
293,142,119,42337.01,2025-01-24T18:00:00,False,False
294,76,77,6360.47,2025-01-27T16:00:00,False,False
295,156,168,32357.49,2025-01-22T12:00:00,False,False
296,3,45,14279.68,2025-01-26T21:00:00,True,False
297,195,187,33172.0,2025-01-26T18:00:00,False,False
298,111,45,47554.31,2025-01-30T16:00:00,True,False
299,132,140,14573.39,2025-01-09T23:00:00,False,False
300,80,40,42973.26,2025-01-05T06:00:00,False,False
301,141,42,19532.25,2025-01-09T21:00:00,False,False
302,67,99,36361.88,2025-01-11T06:00:00,True,False
303,84,140,27800.22,2025-01-15T23:00:00,False,False
304,146,196,22727.12,2025-01-14T10:00:00,False,False
305,187,33,46516.24,2025-01-03T22:00:00,False,False
306,146,28,12333.64,2025-01-11T20:00:00,False,False
307,184,57,42628.21,2025-01-31T09:00:00,False,False
308,131,168,11254.8,2025-01-22T06:00:00,False,False
309,21,146,28133.73,2025-01-19T13:00:00,False,False
310,103,66,30554.15,2025-01-30T20:00:00,False,False
311,58,96,25183.95,2025-01-31T04:00:00,False,False
312,127,140,38919.99,2025-01-25T06:00:00,False,False
313,66,174,1667.61,2025-01-24T20:00:00,False,False
314,163,127,8663.72,2025-01-09T23:00:00,False,False
315,21,192,30405.66,2025-01-08T16:00:00,False,False
316,137,179,21847.93,2025-01-27T07:00:00,False,False
317,35,21,46399.66,2025-01-26T01:00:00,False,False
318,26,194,25902.5,2025-01-23T12:00:00,True,False
319,62,112,40914.67,2025-01-17T06:00:00,False,False
320,1,2,34927.44,2025-01-23T10:00:00,False,False
321,154,62,27992.71,2025-01-29T13:00:00,False,False
322,96,136,1623.1,2025-01-19T06:00:00,False,False
323,130,68,10024.06,2025-01-12T06:00:00,False,False
324,38,23,35486.51,2025-01-23T08:00:00,False,False
325,30,150,35736.44,2025-01-24T22:00:00,False,False
326,85,115,49062.75,2025-01-16T11:00:00,False,False
327,155,93,35704.53,2025-01-14T21:00:00,False,False
328,193,49,34820.41,2025-01-02T10:00:00,False,False
329,77,75,23131.96,2025-01-30T11:00:00,False,False
330,71,171,21069.41,2025-01-07T06:00:00,False,False
331,142,174,34224.92,2025-01-05T13:00:00,False,False
332,56,104,14256.72,2025-01-27T16:00:00,True,False
333,183,49,30279.54,2025-01-23T03:00:00,False,False
334,152,80,41825.84,2025-01-31T19:00:00,False,False
335,72,102,43616.54,2025-01-12T05:00:00,False,False
336,189,185,45131.66,2025-01-29T02:00:00,False,False
337,198,150,7595.8,2025-01-22T08:00:00,False,False
338,55,134,36870.77,2025-01-05T20:00:00,False,False
339,112,104,30199.31,2025-01-28T04:00:00,True,False
340,41,162,49720.48,2025-01-12T21:00:00,False,False
341,63,5,31283.91,2025-01-29T15:00:00,False,False
342,184,28,27434.29,2025-01-11T18:00:00,False,False
343,137,183,47788.9,2025-01-08T23:00:00,False,False
344,25,54,30965.91,2025-01-01T12:00:00,False,False
345,49,112,44307.49,2025-01-07T17:00:00,False,False
346,62,88,46711.17,2025-01-13T23:00:00,False,False
347,55,140,43432.04,2025-01-11T12:00:00,False,False
348,77,9,45483.85,2025-01-23T13:00:00,False,False
349,130,191,9167.86,2025-01-18T11:00:00,False,False
350,110,11,11623.6,2025-01-31T22:00:00,False,False
351,148,121,11985.06,2025-01-03T13:00:00,False,False
352,169,83,15399.9,2025-01-23T20:00:00,False,False
353,34,168,18485.65,2025-01-12T21:00:00,False,False
354,122,10,20624.14,2025-01-30T11:00:00,False,False
355,45,164,45399.05,2025-01-16T07:00:00,False,False
356,155,150,20160.11,2025-01-16T08:00:00,False,False
357,140,169,2109.76,2025-01-07T11:00:00,False,False
358,115,180,26348.44,2025-01-06T20:00:00,False,False
359,140,176,19854.36,2025-01-27T18:00:00,False,False
360,44,55,30147.83,2025-01-29T16:00:00,False,False
361,65,174,28142.79,2025-01-24T18:00:00,False,False
362,188,99,32102.67,2025-01-15T15:00:00,True,False
363,39,97,28645.12,2025-01-29T12:00:00,False,False
364,137,6,9403.01,2025-01-14T05:00:00,False,False
365,175,160,27456.72,2025-01-01T10:00:00,False,False
366,160,141,41124.33,2025-01-25T11:00:00,False,False
367,165,199,13378.94,2025-01-16T08:00:00,False,False
368,169,35,45194.43,2025-01-25T04:00:00,False,False
369,163,154,18775.81,2025-01-07T12:00:00,False,False
370,183,186,42496.28,2025-01-28T08:00:00,False,False
371,167,161,40880.55,2025-01-01T17:00:00,False,False
372,183,107,11233.35,2025-01-13T15:00:00,False,False
373,124,153,22716.61,2025-01-02T04:00:00,False,False
374,56,123,37717.09,2025-01-22T19:00:00,False,False
375,129,175,13686.53,2025-01-06T20:00:00,False,False
376,73,146,10865.12,2025-01-08T10:00:00,False,False
377,193,127,27909.91,2025-01-17T19:00:00,False,False
378,96,92,38956.52,2025-01-04T23:00:00,False,False
379,61,32,28097.21,2025-01-18T08:00:00,False,False
380,10,59,12872.67,2025-01-08T20:00:00,False,False
381,173,116,30052.74,2025-01-17T00:00:00,False,False
382,89,154,6491.38,2025-01-12T18:00:00,False,False
383,184,124,49022.12,2025-01-24T10:00:00,False,False
384,113,134,14127.09,2025-01-23T21:00:00,False,False
385,76,108,16260.67,2025-01-07T07:00:00,False,False
386,102,90,26798.64,2025-01-15T01:00:00,False,False
387,161,197,8479.88,2025-01-02T15:00:00,False,False
388,163,155,18193.62,2025-01-14T00:00:00,False,False
389,154,35,26502.03,2025-01-16T07:00:00,False,False
390,65,86,14761.14,2025-01-22T07:00:00,False,False
391,29,196,41515.68,2025-01-25T01:00:00,False,False
392,48,168,11024.12,2025-01-11T07:00:00,False,False
393,172,74,30743.09,2025-01-04T14:00:00,False,False
394,20,117,20157.04,2025-01-31T03:00:00,True,False
395,186,100,42422.97,2025-01-15T18:00:00,False,False
396,1,41,4302.59,2025-01-02T19:00:00,False,False
397,36,119,7548.78,2025-01-14T21:00:00,False,False
398,50,131,30743.9,2025-01-02T14:00:00,False,False
399,133,144,16061.87,2025-01-08T04:00:00,False,False
400,41,165,37151.35,2025-01-04T14:00:00,True,False
401,104,189,39323.07,2025-01-27T09:00:00,False,False
402,58,90,4281.43,2025-01-05T12:00:00,False,False
403,160,135,42213.35,2025-01-22T15:00:00,False,False
404,182,179,18598.5,2025-01-31T07:00:00,False,False
405,151,43,45741.68,2025-01-11T18:00:00,False,False
406,187,126,49335.3,2025-01-28T03:00:00,False,False
407,172,2,15220.06,2025-01-16T18:00:00,False,False
408,33,65,42280.75,2025-01-23T00:00:00,False,False
409,188,182,36902.52,2025-01-10T14:00:00,False,False
410,116,156,48905.2,2025-01-07T04:00:00,False,False
411,96,106,23959.41,2025-01-10T03:00:00,False,False
412,23,200,49555.74,2025-01-19T21:00:00,False,False
413,100,73,5214.44,2025-01-05T18:00:00,False,False
414,115,96,10533.14,2025-01-04T11:00:00,False,False
415,195,167,42112.41,2025-01-20T06:00:00,False,False
416,130,132,5146.15,2025-01-05T09:00:00,False,False
417,178,187,26782.49,2025-01-04T06:00:00,False,False
418,20,88,19415.45,2025-01-25T01:00:00,False,False
419,143,88,3021.85,2025-01-30T14:00:00,False,False
420,148,170,35906.68,2025-01-08T05:00:00,False,False
421,137,88,26065.33,2025-01-15T12:00:00,False,False
422,110,124,17718.2,2025-01-04T01:00:00,False,False
423,200,13,33056.38,2025-01-01T15:00:00,False,False
424,186,86,14770.7,2025-01-25T18:00:00,False,False
425,89,142,33829.48,2025-01-28T14:00:00,False,False
426,18,143,36147.49,2025-01-31T23:00:00,False,False
427,176,88,35455.61,2025-01-16T22:00:00,False,False
428,35,77,11762.35,2025-01-12T21:00:00,False,False
429,138,50,48785.02,2025-01-15T06:00:00,False,False
430,6,17,32105.19,2025-01-23T00:00:00,False,False
431,145,102,49391.19,2025-01-22T01:00:00,False,False
432,127,87,28708.25,2025-01-15T12:00:00,False,False
433,127,103,12014.97,2025-01-17T10:00:00,False,False
434,182,50,30908.09,2025-01-13T10:00:00,False,False
435,142,147,29350.6,2025-01-14T21:00:00,False,False
436,135,115,45269.83,2025-01-02T21:00:00,False,False
437,134,125,40609.14,2025-01-20T19:00:00,True,False
438,173,128,19784.77,2025-01-25T05:00:00,False,False
439,36,73,4346.54,2025-01-10T19:00:00,False,False
440,85,95,28540.8,2025-01-17T17:00:00,False,False
441,54,48,46296.8,2025-01-14T19:00:00,False,False
442,87,156,41797.3,2025-01-25T03:00:00,False,False
443,177,60,30137.04,2025-01-23T06:00:00,False,False
444,102,101,5494.02,2025-01-18T00:00:00,False,False
445,194,187,41037.2,2025-01-17T16:00:00,False,False
446,167,91,47911.26,2025-01-12T04:00:00,False,False
447,161,67,37552.23,2025-01-15T21:00:00,False,False
448,58,70,12700.69,2025-01-12T10:00:00,False,False
449,178,42,7099.54,2025-01-28T03:00:00,False,False
450,38,93,34488.14,2025-01-27T06:00:00,False,False
451,24,93,3671.68,2025-01-31T17:00:00,False,False
452,75,152,30596.47,2025-01-25T21:00:00,False,False
453,199,91,38917.49,2025-01-13T17:00:00,False,False
454,59,133,24688.73,2025-01-07T10:00:00,False,False
455,119,97,8967.25,2025-01-06T03:00:00,False,False
456,121,139,16978.56,2025-01-21T06:00:00,False,False
457,190,195,26174.47,2025-01-08T02:00:00,False,False
458,135,47,9234.33,2025-01-27T22:00:00,False,False
459,13,5,29198.1,2025-01-16T16:00:00,False,False
460,13,199,21620.66,2025-01-11T09:00:00,False,False
461,129,61,12950.13,2025-01-14T07:00:00,False,False
462,123,181,35201.8,2025-01-04T16:00:00,True,False
463,195,161,29032.87,2025-01-05T06:00:00,False,False
464,35,139,21401.46,2025-01-18T14:00:00,False,False
465,24,40,12349.94,2025-01-17T14:00:00,False,False
466,108,75,5501.75,2025-01-31T11:00:00,False,False
467,25,131,47151.2,2025-01-23T21:00:00,False,False
468,199,145,2336.11,2025-01-11T17:00:00,False,False
469,75,67,23967.2,2025-01-05T23:00:00,False,False
470,177,43,8043.8,2025-01-10T07:00:00,False,False
471,36,124,28168.69,2025-01-25T08:00:00,False,False
472,99,120,23253.97,2025-01-18T23:00:00,False,False
473,168,107,35665.13,2025-01-20T17:00:00,False,False
474,84,111,48888.88,2025-01-11T20:00:00,False,False
475,42,40,36252.39,2025-01-24T05:00:00,False,False
476,132,78,25248.57,2025-01-23T02:00:00,False,False
477,139,132,28995.93,2025-01-29T00:00:00,False,False
478,154,79,8171.96,2025-01-12T16:00:00,False,False
479,91,137,4044.02,2025-01-09T03:00:00,False,False
480,192,82,15141.35,2025-01-05T21:00:00,False,False
481,99,170,7877.43,2025-01-22T18:00:00,False,False
482,158,67,19835.51,2025-01-23T04:00:00,False,False
483,57,23,9015.33,2025-01-01T00:00:00,False,False
484,172,66,30962.81,2025-01-15T03:00:00,False,False
485,70,123,33612.06,2025-01-01T09:00:00,False,False
486,182,11,44030.73,2025-01-26T02:00:00,False,False
487,24,162,10240.67,2025-01-25T19:00:00,False,False
488,45,20,1579.23,2025-01-04T20:00:00,False,False
489,101,51,44266.0,2025-01-05T00:00:00,False,False
490,114,137,20400.45,2025-01-05T17:00:00,False,False
491,84,49,9061.32,2025-01-31T16:00:00,False,False
492,25,126,38926.06,2025-01-02T00:00:00,False,False
493,28,174,26135.37,2025-01-23T03:00:00,False,False
494,168,41,9314.21,2025-01-28T21:00:00,False,False
495,116,61,29026.43,2025-01-04T13:00:00,False,False
496,28,109,26513.95,2025-01-02T05:00:00,False,False
497,195,2,43058.19,2025-01-23T05:00:00,False,False
498,198,17,31002.16,2025-01-11T08:00:00,False,False
499,89,116,23127.4,2025-01-29T00:00:00,False,False
500,193,57,38351.73,2025-01-09T10:00:00,False,False
501,36,183,37293.79,2025-01-13T05:00:00,False,False
502,37,52,19555.37,2025-01-11T01:00:00,False,False
503,47,185,4251.87,2025-01-04T05:00:00,False,False
504,189,147,18680.95,2025-01-02T14:00:00,False,False
505,67,98,28277.38,2025-01-27T17:00:00,False,False
506,140,178,43593.83,2025-01-24T08:00:00,False,False
507,194,36,43100.91,2025-01-27T01:00:00,False,False
508,134,185,41900.84,2025-01-02T03:00:00,False,False
509,131,67,43870.9,2025-01-03T13:00:00,False,False
510,81,186,13127.01,2025-01-08T18:00:00,False,False
511,189,39,28696.14,2025-01-30T20:00:00,False,False
512,172,26,20482.07,2025-01-09T22:00:00,False,False
513,6,38,24656.99,2025-01-08T23:00:00,False,False
514,74,171,35557.25,2025-01-06T19:00:00,False,False
515,22,127,33638.31,2025-01-26T10:00:00,False,False
516,88,81,36867.33,2025-01-06T02:00:00,False,False
517,45,127,12833.27,2025-01-25T03:00:00,False,False
518,154,5,7161.28,2025-01-20T05:00:00,False,False
519,197,189,31958.46,2025-01-30T18:00:00,False,False
520,28,192,47645.78,2025-01-13T12:00:00,False,False
521,68,94,8138.15,2025-01-02T05:00:00,False,False
522,83,53,31653.09,2025-01-01T22:00:00,False,False
523,150,181,41854.66,2025-01-01T19:00:00,True,False
524,27,92,1726.57,2025-01-07T22:00:00,False,False
525,178,135,6629.75,2025-01-09T19:00:00,False,False
526,80,55,21050.66,2025-01-08T00:00:00,False,False
527,171,155,9669.94,2025-01-05T10:00:00,False,False
528,140,29,45236.12,2025-01-17T19:00:00,False,False
529,81,35,9281.25,2025-01-09T22:00:00,False,False
530,73,132,32956.17,2025-01-18T13:00:00,False,False
531,127,6,30351.34,2025-01-29T21:00:00,False,False
532,130,3,41803.48,2025-01-29T10:00:00,False,False
533,73,63,12710.42,2025-01-16T18:00:00,False,False
534,129,151,16890.75,2025-01-28T21:00:00,False,False
535,11,184,6798.59,2025-01-30T17:00:00,False,False
536,178,55,16449.2,2025-01-29T19:00:00,False,False
537,18,126,2593.59,2025-01-02T17:00:00,False,False
538,144,82,23802.63,2025-01-18T21:00:00,False,False
539,179,160,28904.84,2025-01-09T14:00:00,False,False
540,141,122,41143.6,2025-01-11T18:00:00,False,False
541,66,159,10083.41,2025-01-26T18:00:00,False,False
542,195,57,47936.99,2025-01-02T17:00:00,False,False
543,109,40,43103.82,2025-01-05T20:00:00,False,False
544,174,50,893.34,2025-01-26T09:00:00,False,False
545,38,36,39052.27,2025-01-09T16:00:00,False,False
546,122,121,8613.72,2025-01-21T17:00:00,False,False
547,88,82,12628.44,2025-01-13T19:00:00,False,False
548,9,148,28713.35,2025-01-25T15:00:00,False,False
549,186,128,29596.46,2025-01-02T11:00:00,False,False
550,137,115,38413.52,2025-01-17T16:00:00,False,False
551,62,38,25546.36,2025-01-11T07:00:00,False,False
552,59,170,20572.4,2025-01-13T21:00:00,False,False
553,145,35,44105.4,2025-01-08T23:00:00,False,False
554,124,157,32825.04,2025-01-13T23:00:00,True,False
555,83,186,8031.27,2025-01-21T02:00:00,False,False
556,20,31,3401.74,2025-01-17T14:00:00,True,False
557,173,194,20625.12,2025-01-14T01:00:00,True,False
558,128,93,37965.53,2025-01-10T08:00:00,False,False
559,138,88,31635.23,2025-01-16T08:00:00,False,False
560,54,6,17862.33,2025-01-18T15:00:00,False,False
561,139,148,19229.12,2025-01-11T00:00:00,False,False
562,101,146,40429.9,2025-01-28T08:00:00,False,False
563,191,139,46985.97,2025-01-23T11:00:00,False,False
564,139,101,26711.04,2025-01-30T11:00:00,False,False
565,21,163,18803.49,2025-01-29T13:00:00,False,False
566,184,134,21920.2,2025-01-16T16:00:00,False,False
567,154,197,20682.58,2025-01-13T19:00:00,False,False
568,178,171,38242.78,2025-01-21T17:00:00,False,False
569,142,184,27899.85,2025-01-02T22:00:00,False,False
570,67,79,11779.09,2025-01-10T10:00:00,False,False
571,18,146,17357.09,2025-01-12T19:00:00,False,False
572,30,93,36703.23,2025-01-02T22:00:00,False,False
573,181,92,20012.75,2025-01-20T14:00:00,False,False
574,177,19,6097.82,2025-01-18T16:00:00,False,False
575,131,102,10289.52,2025-01-22T12:00:00,False,False
576,31,62,32810.88,2025-01-21T14:00:00,False,False
577,112,71,34764.74,2025-01-21T20:00:00,False,False
578,174,145,30914.4,2025-01-20T18:00:00,False,False
579,44,12,20123.0,2025-01-10T14:00:00,False,False
580,65,79,38577.4,2025-01-25T08:00:00,False,False
581,72,100,46993.63,2025-01-01T13:00:00,False,False
582,91,141,1784.82,2025-01-11T21:00:00,False,False
583,132,13,6950.87,2025-01-10T07:00:00,False,False
584,6,187,14657.99,2025-01-27T18:00:00,False,False
585,174,121,16323.64,2025-01-20T13:00:00,False,False
586,51,6,6515.38,2025-01-29T02:00:00,False,False
587,93,43,6526.54,2025-01-23T13:00:00,False,False
588,142,177,32460.63,2025-01-10T11:00:00,False,False
589,88,96,33923.49,2025-01-18T04:00:00,False,False
590,63,36,37064.68,2025-01-28T19:00:00,False,False
591,41,95,49015.16,2025-01-15T09:00:00,False,False
592,162,62,6261.95,2025-01-22T21:00:00,False,False
593,48,106,15238.95,2025-01-23T08:00:00,False,False
594,59,15,782.38,2025-01-12T10:00:00,False,False
595,111,132,23126.1,2025-01-09T04:00:00,False,False
596,169,57,25195.59,2025-01-26T00:00:00,False,False
597,91,180,6616.48,2025-01-15T12:00:00,False,False
598,79,200,36750.64,2025-01-09T08:00:00,False,False
599,66,192,4772.35,2025-01-11T00:00:00,False,False
600,5,39,46901.41,2025-01-20T16:00:00,False,False
601,177,187,23120.42,2025-01-14T08:00:00,False,False
602,155,126,32001.6,2025-01-29T16:00:00,False,False
603,170,62,3958.73,2025-01-31T06:00:00,False,False
604,6,55,42721.41,2025-01-18T00:00:00,False,False
605,160,110,38281.86,2025-01-18T04:00:00,False,False
606,198,179,43332.27,2025-01-06T22:00:00,False,False
607,120,62,39137.89,2025-01-12T20:00:00,False,False
608,188,136,21069.13,2025-01-13T23:00:00,False,False
609,62,120,29668.35,2025-01-30T12:00:00,False,False
610,138,14,36984.28,2025-01-19T08:00:00,False,False
611,109,30,35775.07,2025-01-31T02:00:00,False,False
612,89,114,6546.28,2025-01-26T15:00:00,False,False
613,22,160,40382.99,2025-01-02T13:00:00,False,False
614,127,108,9074.1,2025-01-26T22:00:00,False,False
615,98,8,22591.63,2025-01-12T05:00:00,False,False
616,55,60,33771.36,2025-01-26T16:00:00,False,False
617,48,90,4036.08,2025-01-08T08:00:00,False,False
618,171,31,4605.81,2025-01-20T08:00:00,True,False
619,181,42,8911.19,2025-01-23T05:00:00,False,False
620,175,57,42791.0,2025-01-15T21:00:00,False,False
621,83,16,16116.17,2025-01-19T04:00:00,False,False
622,181,107,15541.25,2025-01-25T00:00:00,False,False
623,124,89,26322.28,2025-01-21T01:00:00,False,False
624,186,120,3489.76,2025-01-27T16:00:00,False,False
625,71,12,15683.94,2025-01-08T07:00:00,False,False
626,110,191,5209.75,2025-01-21T13:00:00,False,False
627,170,158,23351.09,2025-01-14T04:00:00,False,False
628,32,159,23607.74,2025-01-02T23:00:00,False,False
629,146,166,31504.86,2025-01-30T21:00:00,False,False
630,20,34,45246.12,2025-01-01T07:00:00,False,False
631,146,173,15267.77,2025-01-17T00:00:00,False,False
632,137,126,30437.68,2025-01-09T01:00:00,False,False
633,160,149,17832.12,2025-01-25T13:00:00,False,False
634,132,6,42954.71,2025-01-30T14:00:00,False,False
635,69,37,33648.77,2025-01-19T17:00:00,False,False
636,126,50,20144.64,2025-01-19T18:00:00,False,False
637,170,96,33531.01,2025-01-16T03:00:00,False,False
638,11,136,49911.39,2025-01-01T08:00:00,False,False
639,138,4,46472.11,2025-01-13T20:00:00,False,False
640,171,165,47717.89,2025-01-16T16:00:00,True,False
641,123,181,11313.98,2025-01-19T02:00:00,True,False
642,149,134,12237.99,2025-01-21T13:00:00,False,False
643,164,41,15771.91,2025-01-09T19:00:00,False,False
644,71,177,16706.79,2025-01-15T08:00:00,False,False
645,87,84,45045.05,2025-01-29T03:00:00,False,False
646,40,196,24879.41,2025-01-16T20:00:00,False,False
647,97,3,37123.84,2025-01-29T10:00:00,False,False
648,36,101,15570.22,2025-01-18T06:00:00,False,False
649,158,91,14181.09,2025-01-31T23:00:00,False,False
650,24,46,36010.23,2025-01-25T23:00:00,False,False
651,146,55,22609.76,2025-01-04T15:00:00,False,False
652,182,53,27199.09,2025-01-10T05:00:00,False,False
653,99,11,5331.47,2025-01-20T17:00:00,False,False
654,141,184,11651.69,2025-01-16T03:00:00,False,False
655,86,88,6856.86,2025-01-09T07:00:00,False,False
656,32,151,36331.26,2025-01-11T12:00:00,False,False
657,83,92,18543.52,2025-01-05T05:00:00,False,False
658,42,192,10657.0,2025-01-26T06:00:00,False,False
659,170,96,46643.5,2025-01-29T21:00:00,False,False
660,49,20,39798.98,2025-01-26T00:00:00,False,False
661,171,156,18521.64,2025-01-02T15:00:00,False,False
662,92,106,20770.69,2025-01-29T21:00:00,False,False
663,40,164,6774.49,2025-01-31T19:00:00,False,False
664,197,28,47864.54,2025-01-28T04:00:00,False,False
665,116,80,2894.48,2025-01-01T03:00:00,False,False
666,196,15,29746.15,2025-01-23T04:00:00,False,False
667,196,114,40836.41,2025-01-02T06:00:00,False,False
668,197,169,31118.82,2025-01-26T01:00:00,False,False
669,52,81,48245.17,2025-01-26T20:00:00,False,False
670,177,52,46597.52,2025-01-28T08:00:00,False,False
671,184,102,47929.79,2025-01-01T11:00:00,False,False
672,67,195,12105.27,2025-01-19T23:00:00,False,False
673,163,162,3575.99,2025-01-08T10:00:00,False,False
674,87,133,32858.84,2025-01-15T02:00:00,False,False
675,69,65,35530.68,2025-01-24T07:00:00,False,False
676,200,132,1542.84,2025-01-08T17:00:00,False,False
677,6,7,12838.93,2025-01-09T02:00:00,False,False
678,30,59,13418.47,2025-01-25T15:00:00,False,False
679,44,125,26498.06,2025-01-03T00:00:00,True,False
680,18,197,22887.15,2025-01-09T06:00:00,False,False
681,17,136,719.33,2025-01-13T16:00:00,False,False
682,133,109,4184.56,2025-01-07T22:00:00,False,False
683,188,7,11868.64,2025-01-17T21:00:00,False,False
684,35,24,46069.01,2025-01-25T00:00:00,False,False
685,85,161,47295.41,2025-01-19T20:00:00,False,False
686,112,10,43127.38,2025-01-08T06:00:00,False,False
687,29,17,7849.34,2025-01-25T09:00:00,False,False
688,167,27,25701.14,2025-01-10T15:00:00,False,False
689,4,104,44554.06,2025-01-13T05:00:00,True,False
690,46,134,47985.45,2025-01-21T07:00:00,False,False
691,180,69,19522.21,2025-01-04T09:00:00,False,False
692,79,160,26157.37,2025-01-01T11:00:00,False,False
693,42,93,44281.8,2025-01-28T14:00:00,False,False
694,42,112,21209.08,2025-01-18T08:00:00,False,False
695,195,154,18407.19,2025-01-10T02:00:00,False,False
696,188,155,46745.53,2025-01-17T12:00:00,False,False
697,119,36,22557.24,2025-01-03T23:00:00,False,False
698,6,199,7914.87,2025-01-02T12:00:00,False,False
699,171,86,21357.62,2025-01-01T10:00:00,False,False
700,160,60,28248.37,2025-01-15T23:00:00,False,False
701,101,130,19605.02,2025-01-29T21:00:00,False,False
702,35,128,8337.39,2025-01-09T10:00:00,False,False
703,5,197,26950.51,2025-01-07T07:00:00,False,False
704,77,23,744.78,2025-01-19T16:00:00,False,False
705,22,196,7045.03,2025-01-10T00:00:00,False,False
706,70,66,18432.68,2025-01-17T23:00:00,False,False
707,35,166,30642.66,2025-01-12T18:00:00,False,False
708,6,131,27083.64,2025-01-07T18:00:00,False,False
709,43,85,5493.19,2025-01-29T13:00:00,False,False
710,50,121,3669.06,2025-01-10T09:00:00,False,False
711,200,35,30451.52,2025-01-30T20:00:00,False,False
712,166,163,24019.49,2025-01-22T02:00:00,False,False
713,4,189,6700.24,2025-01-19T18:00:00,False,False
714,81,61,6345.36,2025-01-05T06:00:00,False,False
715,131,191,15802.76,2025-01-01T08:00:00,False,False
716,106,192,49470.8,2025-01-08T07:00:00,False,False
717,1,155,41177.65,2025-01-31T11:00:00,False,False
718,108,38,41209.38,2025-01-31T04:00:00,False,False
719,137,188,41857.38,2025-01-18T11:00:00,False,False
720,158,174,8731.03,2025-01-27T08:00:00,False,False
721,15,166,43164.78,2025-01-25T06:00:00,False,False
722,61,111,14060.8,2025-01-02T06:00:00,False,False
723,17,26,33110.44,2025-01-28T15:00:00,False,False
724,175,63,12199.28,2025-01-17T21:00:00,False,False
725,50,182,36833.24,2025-01-02T16:00:00,False,False
726,123,124,27852.89,2025-01-15T01:00:00,False,False
727,37,193,40046.21,2025-01-26T05:00:00,False,False
728,191,106,14615.71,2025-01-19T21:00:00,False,False
729,141,28,47855.13,2025-01-08T08:00:00,False,False
730,22,36,1156.68,2025-01-21T13:00:00,False,False
731,172,141,5516.66,2025-01-15T02:00:00,False,False
732,194,80,38644.17,2025-01-03T03:00:00,False,False
733,82,193,1955.69,2025-01-11T12:00:00,False,False
734,173,179,30823.53,2025-01-23T04:00:00,False,False
735,9,53,17682.3,2025-01-11T05:00:00,False,False
736,2,155,19455.81,2025-01-14T04:00:00,False,False
737,146,165,1193.96,2025-01-01T13:00:00,True,False
738,24,19,23853.49,2025-01-22T09:00:00,False,False
739,34,74,5590.54,2025-01-18T16:00:00,False,False
740,58,141,47212.1,2025-01-29T05:00:00,False,False
741,126,31,31089.14,2025-01-31T18:00:00,True,False
742,51,6,24181.55,2025-01-08T18:00:00,False,False
743,78,163,33163.14,2025-01-22T17:00:00,False,False
744,181,142,15241.22,2025-01-13T19:00:00,False,False
745,76,196,18146.84,2025-01-04T12:00:00,False,False
746,189,124,44365.22,2025-01-21T05:00:00,False,False
747,88,196,39842.49,2025-01-24T20:00:00,False,False
748,120,200,41780.45,2025-01-20T22:00:00,False,False
749,146,96,16047.82,2025-01-14T23:00:00,False,False
750,170,55,46351.76,2025-01-31T16:00:00,False,False
751,133,16,12958.91,2025-01-03T19:00:00,False,False
752,37,192,32382.69,2025-01-03T18:00:00,False,False
753,198,23,12483.48,2025-01-17T18:00:00,False,False
754,161,28,38470.28,2025-01-22T15:00:00,False,False
755,160,67,28723.99,2025-01-13T01:00:00,False,False
756,26,171,39247.75,2025-01-05T12:00:00,False,False
757,150,51,39282.09,2025-01-08T22:00:00,False,False
758,194,22,13999.82,2025-01-07T11:00:00,False,False
759,175,99,34288.57,2025-01-30T13:00:00,True,False
760,195,113,2302.93,2025-01-23T22:00:00,False,False
761,7,18,1194.49,2025-01-04T19:00:00,False,False
762,64,195,22908.91,2025-01-24T22:00:00,False,False
763,192,48,28067.37,2025-01-06T17:00:00,False,False
764,186,174,24321.69,2025-01-12T05:00:00,False,False
765,130,54,38230.23,2025-01-09T13:00:00,False,False
766,99,126,42561.99,2025-01-31T20:00:00,False,False
767,121,16,36079.4,2025-01-13T15:00:00,False,False
768,12,93,36489.61,2025-01-09T17:00:00,False,False
769,114,50,15594.4,2025-01-10T15:00:00,False,False
770,124,97,30147.7,2025-01-20T19:00:00,False,False
771,158,133,35370.84,2025-01-15T06:00:00,False,False
772,21,113,22637.19,2025-01-02T21:00:00,False,False
773,180,84,40244.99,2025-01-24T00:00:00,False,False
774,195,80,3934.63,2025-01-06T17:00:00,False,False
775,12,96,27046.47,2025-01-04T23:00:00,False,False
776,149,134,26183.76,2025-01-26T21:00:00,False,False
777,105,167,17526.99,2025-01-03T17:00:00,False,False
778,167,116,16421.47,2025-01-26T12:00:00,False,False
779,193,92,18053.41,2025-01-14T02:00:00,False,False
780,183,160,49657.17,2025-01-01T01:00:00,False,False
781,75,90,14335.53,2025-01-04T13:00:00,False,False
782,66,79,19451.61,2025-01-02T14:00:00,False,False
783,20,56,20642.86,2025-01-29T19:00:00,False,False
784,197,20,37832.59,2025-01-04T08:00:00,False,False
785,8,33,19206.99,2025-01-20T10:00:00,False,False
786,86,107,48107.11,2025-01-20T11:00:00,False,False
787,33,130,37372.52,2025-01-16T12:00:00,False,False
788,105,1,29269.88,2025-01-08T20:00:00,False,False
789,169,26,12194.51,2025-01-09T15:00:00,False,False
790,85,92,44097.18,2025-01-19T09:00:00,False,False
791,110,45,39028.71,2025-01-16T06:00:00,True,False
792,27,116,877.55,2025-01-20T09:00:00,False,False
793,163,57,29235.68,2025-01-11T03:00:00,False,False
794,131,175,31279.41,2025-01-31T15:00:00,False,False
795,108,100,44999.1,2025-01-25T00:00:00,False,False
796,113,67,29856.2,2025-01-10T09:00:00,False,False
797,40,55,15537.64,2025-01-18T04:00:00,False,False
798,196,191,43198.19,2025-01-30T06:00:00,False,False
799,191,183,41470.74,2025-01-30T08:00:00,False,False
800,24,50,49409.55,2025-01-26T20:00:00,False,False
801,151,127,45717.6,2025-01-16T11:00:00,False,False
802,34,50,8302.17,2025-01-01T02:00:00,False,False
803,114,182,31165.91,2025-01-25T12:00:00,False,False
804,164,196,26566.55,2025-01-30T19:00:00,False,False
805,139,14,20078.25,2025-01-15T00:00:00,False,False
806,7,10,36774.96,2025-01-26T04:00:00,False,False
807,130,12,46274.78,2025-01-25T03:00:00,False,False
808,34,59,27230.41,2025-01-30T10:00:00,False,False
809,139,112,23989.18,2025-01-13T00:00:00,False,False
810,123,157,32651.5,2025-01-15T17:00:00,True,False
811,81,93,34718.33,2025-01-16T13:00:00,False,False
812,187,63,18363.63,2025-01-28T06:00:00,False,False
813,116,112,31151.4,2025-01-19T10:00:00,False,False
814,175,62,16882.58,2025-01-12T17:00:00,False,False
815,138,6,37864.82,2025-01-14T00:00:00,False,False
816,154,50,10285.31,2025-01-30T16:00:00,False,False
817,22,32,44746.62,2025-01-12T15:00:00,False,False
818,145,156,22669.22,2025-01-19T06:00:00,False,False
819,133,70,21596.04,2025-01-25T19:00:00,False,False
820,181,166,14106.2,2025-01-06T21:00:00,False,False
821,135,68,48714.88,2025-01-04T20:00:00,False,False
822,68,156,39094.55,2025-01-25T03:00:00,False,False
823,59,141,5991.76,2025-01-27T12:00:00,False,False
824,168,140,16568.01,2025-01-20T21:00:00,False,False
825,84,150,33147.51,2025-01-14T09:00:00,False,False
826,31,68,31040.68,2025-01-27T09:00:00,False,False
827,199,34,41671.17,2025-01-26T14:00:00,False,False
828,91,146,17091.67,2025-01-02T08:00:00,False,False
829,170,27,10212.99,2025-01-18T04:00:00,False,False
830,53,40,17939.06,2025-01-06T20:00:00,False,False
831,79,148,16731.41,2025-01-10T07:00:00,False,False
832,28,8,12385.97,2025-01-30T17:00:00,False,False
833,78,145,14717.5,2025-01-22T21:00:00,False,False
834,117,182,16636.19,2025-01-22T05:00:00,False,False
835,134,123,9875.26,2025-01-23T15:00:00,False,False
836,34,19,15333.67,2025-01-12T01:00:00,False,False
837,75,6,39750.28,2025-01-06T05:00:00,False,False
838,183,90,16580.0,2025-01-18T01:00:00,False,False
839,152,11,6190.61,2025-01-29T00:00:00,False,False
840,51,81,27252.09,2025-01-15T10:00:00,False,False
841,195,157,25282.07,2025-01-11T15:00:00,True,False
842,80,68,49135.94,2025-01-24T09:00:00,False,False
843,118,145,6372.48,2025-01-24T21:00:00,False,False
844,28,140,26783.89,2025-01-20T04:00:00,False,False
845,176,52,10635.34,2025-01-10T15:00:00,False,False
846,177,27,11185.04,2025-01-27T22:00:00,False,False
847,17,43,36148.54,2025-01-30T05:00:00,False,False
848,135,191,6036.81,2025-01-10T16:00:00,False,False
849,107,89,5819.11,2025-01-15T01:00:00,False,False
850,47,40,16972.4,2025-01-11T22:00:00,False,False
851,36,11,24706.96,2025-01-14T19:00:00,False,False
852,73,57,30158.84,2025-01-04T22:00:00,False,False
853,114,125,42356.28,2025-01-12T03:00:00,True,False
854,63,137,18240.88,2025-01-21T23:00:00,False,False
855,30,163,45279.44,2025-01-16T11:00:00,False,False
856,136,1,42048.91,2025-01-25T10:00:00,False,False
857,123,127,34193.29,2025-01-11T00:00:00,False,False
858,148,48,49998.66,2025-01-27T09:00:00,False,False
859,43,53,39497.35,2025-01-25T13:00:00,False,False
860,123,155,28645.38,2025-01-03T08:00:00,False,False
861,22,182,23043.64,2025-01-19T09:00:00,False,False
862,151,1,41009.38,2025-01-22T09:00:00,False,False
863,42,182,47790.53,2025-01-19T04:00:00,False,False
864,144,178,20552.91,2025-01-08T22:00:00,False,False
865,10,21,3882.78,2025-01-22T12:00:00,False,False
866,31,196,13809.66,2025-01-15T02:00:00,False,False
867,1,132,19263.84,2025-01-27T11:00:00,False,False
868,86,70,1582.98,2025-01-19T00:00:00,False,False
869,72,104,43756.74,2025-01-20T03:00:00,True,False
870,67,71,28386.39,2025-01-31T22:00:00,False,False
871,99,132,20930.75,2025-01-10T17:00:00,False,False
872,72,70,37637.68,2025-01-02T18:00:00,False,False
873,117,19,12764.99,2025-01-02T07:00:00,False,False
874,19,26,38921.37,2025-01-09T07:00:00,False,False
875,112,4,651.51,2025-01-19T07:00:00,False,False
876,173,109,14247.88,2025-01-26T06:00:00,False,False
877,126,50,38451.31,2025-01-18T17:00:00,False,False
878,35,58,32650.91,2025-01-17T09:00:00,False,False
879,169,177,39646.32,2025-01-22T08:00:00,False,False
880,161,98,28845.7,2025-01-26T12:00:00,False,False
881,200,50,22980.0,2025-01-24T06:00:00,False,False
882,37,130,13617.94,2025-01-20T09:00:00,False,False
883,186,39,13054.48,2025-01-17T06:00:00,False,False
884,31,108,25636.56,2025-01-11T02:00:00,False,False
885,118,51,8561.88,2025-01-06T21:00:00,False,False
886,8,9,14836.34,2025-01-27T15:00:00,False,False
887,133,45,21115.7,2025-01-22T00:00:00,True,False
888,184,122,16263.55,2025-01-23T15:00:00,False,False
889,193,149,37918.04,2025-01-19T19:00:00,False,False
890,167,62,4990.73,2025-01-12T03:00:00,False,False
891,159,181,25750.5,2025-01-26T08:00:00,True,False
892,134,170,48619.6,2025-01-31T08:00:00,False,False
893,15,165,13010.01,2025-01-10T04:00:00,True,False
894,134,146,30671.63,2025-01-24T22:00:00,False,False
895,16,31,11043.14,2025-01-29T08:00:00,True,False
896,30,169,41984.35,2025-01-12T01:00:00,False,False
897,113,25,23981.28,2025-01-14T18:00:00,False,False
898,119,37,44833.84,2025-01-08T19:00:00,False,False
899,144,50,45306.08,2025-01-09T06:00:00,False,False
900,149,97,9073.18,2025-01-27T15:00:00,False,False
901,34,1,5196.12,2025-01-19T03:00:00,False,False
902,200,16,34652.92,2025-01-19T00:00:00,False,False
903,155,92,45329.48,2025-01-03T19:00:00,False,False
904,184,130,11203.84,2025-01-06T06:00:00,False,False
905,43,21,37036.76,2025-01-25T14:00:00,False,False
906,105,180,26733.77,2025-01-11T19:00:00,False,False
907,67,129,42459.78,2025-01-07T17:00:00,False,False
908,123,2,27501.28,2025-01-24T03:00:00,False,False
909,99,28,6830.2,2025-01-18T15:00:00,False,False
910,161,67,8092.87,2025-01-27T02:00:00,False,False
911,153,26,12694.64,2025-01-25T12:00:00,False,False
912,116,26,42771.9,2025-01-25T18:00:00,False,False
913,79,126,16842.87,2025-01-27T13:00:00,False,False
914,74,101,8894.77,2025-01-03T08:00:00,False,False
915,13,39,8156.63,2025-01-12T02:00:00,False,False
916,28,198,33694.83,2025-01-15T01:00:00,False,False
917,75,100,8157.55,2025-01-13T06:00:00,False,False
918,110,136,36754.8,2025-01-17T02:00:00,False,False
919,33,154,49072.09,2025-01-14T23:00:00,False,False
920,150,57,36797.73,2025-01-19T22:00:00,False,False
921,189,129,1388.59,2025-01-29T16:00:00,False,False
922,160,171,42317.15,2025-01-08T09:00:00,False,False
923,198,196,22463.15,2025-01-26T23:00:00,False,False
924,139,197,42966.82,2025-01-01T04:00:00,False,False
925,154,125,5576.55,2025-01-13T17:00:00,True,False
926,33,138,10558.1,2025-01-20T03:00:00,False,False
927,121,177,45852.44,2025-01-04T18:00:00,False,False
928,88,32,22349.64,2025-01-02T13:00:00,False,False
929,6,49,18218.8,2025-01-19T20:00:00,False,False
930,188,20,44184.95,2025-01-11T01:00:00,False,False
931,167,185,29393.78,2025-01-16T14:00:00,False,False
932,36,21,44004.02,2025-01-20T22:00:00,False,False
933,86,61,5289.24,2025-01-02T17:00:00,False,False
934,90,127,43416.4,2025-01-09T04:00:00,False,False
935,111,180,1729.13,2025-01-06T09:00:00,False,False
936,118,158,32193.57,2025-01-26T22:00:00,False,False
937,1,52,5309.6,2025-01-26T12:00:00,False,False
938,140,33,48709.3,2025-01-13T22:00:00,False,False
939,121,21,2576.2,2025-01-15T06:00:00,False,False
940,24,147,10362.65,2025-01-16T16:00:00,False,False
941,20,139,31934.21,2025-01-02T13:00:00,False,False
942,179,14,977.38,2025-01-15T01:00:00,False,False
943,59,37,4077.02,2025-01-08T04:00:00,False,False
944,86,153,11935.81,2025-01-18T20:00:00,False,False
945,150,108,10956.59,2025-01-10T13:00:00,False,False
946,70,181,7912.51,2025-01-05T02:00:00,True,False
947,95,28,3558.96,2025-01-27T17:00:00,False,False
948,84,112,21769.96,2025-01-28T02:00:00,False,False
949,192,106,27535.47,2025-01-30T10:00:00,False,False
950,57,84,4913.6,2025-01-23T18:00:00,False,False
951,137,189,2929.13,2025-01-13T09:00:00,False,False
952,108,32,27406.23,2025-01-19T08:00:00,False,False
953,159,177,13027.64,2025-01-29T21:00:00,False,False
954,43,41,20471.13,2025-01-14T17:00:00,False,False
955,160,62,2681.93,2025-01-05T04:00:00,False,False
956,20,150,16869.95,2025-01-06T18:00:00,False,False
957,4,147,34039.27,2025-01-21T12:00:00,False,False
958,125,36,11292.73,2025-01-09T08:00:00,False,False
959,195,5,44125.47,2025-01-05T17:00:00,False,False
960,167,65,12180.2,2025-01-28T06:00:00,False,False
961,21,167,49695.16,2025-01-22T08:00:00,False,False
962,154,184,13426.85,2025-01-17T11:00:00,False,False
963,92,84,30885.7,2025-01-03T22:00:00,False,False
964,113,98,22604.53,2025-01-21T18:00:00,False,False
965,124,185,42184.51,2025-01-25T08:00:00,False,False
966,11,90,41093.86,2025-01-01T01:00:00,False,False
967,36,61,42745.4,2025-01-27T16:00:00,False,False
968,62,191,8884.73,2025-01-01T17:00:00,False,False
969,119,37,26189.43,2025-01-13T15:00:00,False,False
970,113,174,30796.31,2025-01-01T08:00:00,False,False
971,5,174,34863.52,2025-01-25T14:00:00,False,False
972,96,127,37986.54,2025-01-07T20:00:00,False,False
973,131,198,40860.87,2025-01-14T10:00:00,False,False
974,74,156,43055.45,2025-01-09T17:00:00,False,False
975,88,116,41675.03,2025-01-11T14:00:00,False,False
976,56,153,27808.99,2025-01-23T03:00:00,False,False
977,153,174,32557.68,2025-01-12T00:00:00,False,False
978,123,36,48294.71,2025-01-12T17:00:00,False,False
979,143,14,43248.79,2025-01-11T07:00:00,False,False
980,61,59,9840.66,2025-01-27T16:00:00,False,False
981,76,38,18033.31,2025-01-20T01:00:00,False,False
982,1,131,47413.09,2025-01-10T06:00:00,False,False
983,148,180,14508.22,2025-01-14T08:00:00,False,False
984,34,109,28998.79,2025-01-18T12:00:00,False,False
985,11,158,49630.06,2025-01-16T20:00:00,False,False
986,182,96,43746.39,2025-01-29T03:00:00,False,False
987,115,3,12119.99,2025-01-27T03:00:00,False,False
988,121,103,26570.44,2025-01-17T08:00:00,False,False
989,10,9,19562.81,2025-01-02T09:00:00,False,False
990,126,120,39442.38,2025-01-09T03:00:00,False,False
991,76,191,43487.63,2025-01-23T04:00:00,False,False
992,64,115,14691.2,2025-01-04T09:00:00,False,False
993,80,25,31953.03,2025-01-14T03:00:00,False,False
994,189,45,4697.83,2025-01-22T07:00:00,True,False
995,7,10,48236.26,2025-01-08T13:00:00,False,False
996,39,62,7891.04,2025-01-05T10:00:00,False,False
997,194,139,4997.86,2025-01-05T00:00:00,False,False
998,107,167,6234.35,2025-01-03T19:00:00,False,False
999,137,174,22149.48,2025-01-25T23:00:00,False,False
1000,183,29,19040.19,2025-01-16T11:00:00,False,False
1001,48,86,9232.63,2025-02-07T00:39:40.532238,False,True
1002,124,86,8680.92,2025-02-07T02:29:51.352847,False,True
1003,178,86,8283.42,2025-02-07T04:13:14.708009,False,True
1004,56,86,9231.11,2025-02-07T06:59:52.019716,False,True
1005,32,86,8749.95,2025-02-07T08:34:28.182369,False,True
1006,152,86,8539.97,2025-02-07T10:35:06.181334,False,True
1007,77,85,9404.92,2025-02-22T00:42:40.898962,False,True
1008,197,85,8238.92,2025-02-22T02:54:25.975581,False,True
1009,121,85,8624.6,2025-02-22T04:42:00.402385,False,True
1010,22,85,8267.75,2025-02-22T06:34:56.933368,False,True
1011,84,85,8780.77,2025-02-22T08:11:31.237617,False,True
1012,128,85,8716.08,2025-02-22T10:42:52.589880,False,True
1013,39,200,8850.29,2025-02-02T00:31:25.592009,False,True
1014,145,200,9289.07,2025-02-02T02:47:56.370726,False,True
1015,59,200,8085.0,2025-02-02T04:56:39.663790,False,True
1016,83,200,8010.16,2025-02-02T06:17:09.988397,False,True
1017,21,200,8760.29,2025-02-02T08:29:51.486046,False,True
1018,140,200,8991.7,2025-02-02T10:43:32.381626,False,True
1019,64,200,9847.82,2025-02-02T12:36:41.347658,False,True
1020,119,200,9472.55,2025-02-02T14:55:35.934648,False,True
1021,28,4,9863.94,2025-02-11T00:54:16.988975,False,True
1022,22,4,9545.9,2025-02-11T02:44:13.245407,False,True
1023,140,4,8207.48,2025-02-11T04:30:12.753145,False,True
1024,86,4,9381.68,2025-02-11T06:43:55.940535,False,True
1025,189,4,8585.78,2025-02-11T08:32:30.486827,False,True
1026,15,68,9944.79,2025-02-01T00:32:18.464410,False,True
1027,78,68,8788.28,2025-02-01T02:42:38.125900,False,True
1028,192,68,8369.44,2025-02-01T04:50:49.920212,False,True
1029,119,68,9278.72,2025-02-01T06:00:31.094875,False,True
1030,12,68,9971.18,2025-02-01T08:24:28.901028,False,True
1031,151,68,8864.6,2025-02-01T10:20:40.569031,False,True
1032,37,180,9265.71,2025-02-04T00:26:51.286902,False,True
1033,181,180,8428.69,2025-02-04T02:07:43.466106,False,True
1034,111,180,9808.04,2025-02-04T04:56:20.879699,False,True
1035,39,180,8477.33,2025-02-04T06:33:54.513570,False,True
1036,121,180,8554.1,2025-02-04T08:12:21.553948,False,True
1037,84,180,8912.3,2025-02-04T10:58:06.973030,False,True
1038,117,180,9804.05,2025-02-04T12:18:45.367010,False,True
1039,2,180,9305.49,2025-02-04T14:13:43.852366,False,True
1040,104,182,9139.6,2025-02-28T00:59:42.171703,False,True
1041,100,182,8061.08,2025-02-28T02:45:05.382563,False,True
1042,180,182,9742.77,2025-02-28T04:04:19.703139,False,True
1043,44,182,9438.07,2025-02-28T06:36:48.892571,False,True
1044,29,182,8530.15,2025-02-28T08:44:41.514001,False,True
1045,54,182,8970.9,2025-02-28T10:45:14.190875,False,True
1046,185,182,8120.42,2025-02-28T12:56:52.608959,False,True
1047,53,182,9122.71,2025-02-28T14:26:56.770599,False,True
1048,111,121,8182.71,2025-02-28T00:30:56.354321,False,True
1049,60,121,9795.85,2025-02-28T02:28:50.410147,False,True
1050,110,121,8649.87,2025-02-28T04:01:05.841197,False,True
1051,171,121,9457.41,2025-02-28T06:51:25.943956,False,True
1052,174,107,32080.29,2025-04-01T00:04:00,False,True
1053,107,18,76751.1,2025-04-01T00:16:00,False,True
1054,18,174,64620.62,2025-04-01T00:32:00,False,True
1055,140,103,49242.99,2025-03-20T00:03:00,False,True
1056,103,155,21966.37,2025-03-20T00:15:00,False,True
1057,155,140,37472.12,2025-03-20T00:31:00,False,True
1058,76,98,75208.97,2025-03-16T00:03:00,False,True
1059,98,120,78946.03,2025-03-16T00:15:00,False,True
1060,120,76,43280.17,2025-03-16T00:34:00,False,True
1061,170,133,45783.88,2025-03-25T00:01:00,False,True
1062,133,145,58726.77,2025-03-25T00:17:00,False,True
1063,145,170,43136.26,2025-03-25T00:34:00,False,True
1064,137,38,46414.27,2025-03-21T00:03:00,False,True
1065,38,157,27087.21,2025-03-21T00:19:00,True,True
1066,157,177,51535.85,2025-03-21T00:33:00,False,True
1067,177,171,26572.49,2025-03-21T00:48:00,False,True
1068,171,137,34933.36,2025-03-21T01:03:00,False,True
1069,70,51,118201.74,2025-04-06T00:00:00,False,True
1070,51,133,115885.93,2025-04-06T00:16:00,False,True
1071,182,19,84279.07,2025-04-27T00:00:00,False,True
1072,19,11,82898.18,2025-04-27T00:14:00,False,True
1073,175,147,55738.46,2025-04-30T00:00:00,False,True
1074,147,116,55116.02,2025-04-30T00:10:00,False,True
1075,141,138,125810.45,2025-04-20T00:00:00,False,True
1076,138,105,122416.66,2025-04-20T00:16:00,False,True
1077,73,165,121665.55,2025-04-19T00:00:00,True,True
1078,165,59,117244.94,2025-04-19T00:07:00,False,True
1079,107,33,61705.18,2025-04-10T00:00:00,False,True
1080,33,171,61086.61,2025-04-10T00:10:00,False,True
